<?xml version="1.0" encoding="UTF-8"?>
<!-- Created by BioNetGen 2.1.8+, mod for NFsim 1.09  -->
<sbml xmlns="http://www.sbml.org/sbml/level3" level="3" version="1">
  <model id="PS_tlbr">
    <ListOfParameters>
      <Parameter id="Rec_tot" type="Constant" value="300"/>
      <Parameter id="Lig_conc" type="Constant" value="0.73244"/>
      <Parameter id="Vol" type="Constant" value="1e-12"/>
      <Parameter id="Na" type="Constant" value="6.0221415e23"/>
      <Parameter id="Lig_tot" type="Constant" value="441.085732026"/>
      <Parameter id="koff" type="Constant" value="0.01"/>
      <Parameter id="K1" type="Constant" value="2.4"/>
      <Parameter id="K2" type="Constant" value="50"/>
      <Parameter id="kp1" type="Constant" value="3.98529327150483e-05"/>
      <Parameter id="kp2" type="Constant" value="0.000830269431563506"/>
    </ListOfParameters>
    <ListOfMoleculeTypes>
      <MoleculeType id="L">
        <ListOfComponentTypes>
          <ComponentType id="r"/>
          <ComponentType id="r"/>
          <ComponentType id="r"/>
        </ListOfComponentTypes>
      </MoleculeType>
      <MoleculeType id="R">
        <ListOfComponentTypes>
          <ComponentType id="l"/>
          <ComponentType id="l"/>
        </ListOfComponentTypes>
      </MoleculeType>
    </ListOfMoleculeTypes>
    <ListOfCompartments>
    </ListOfCompartments>
    <ListOfSpecies>
      <Species id="S1"  concentration="Lig_tot" name="L(r,r,r)">
        <ListOfMolecules>
          <Molecule id="S1_M1" name="L">
            <ListOfComponents>
              <Component id="S1_M1_C1" name="r" numberOfBonds="0"/>
              <Component id="S1_M1_C2" name="r" numberOfBonds="0"/>
              <Component id="S1_M1_C3" name="r" numberOfBonds="0"/>
            </ListOfComponents>
          </Molecule>
        </ListOfMolecules>
      </Species>
      <Species id="S2"  concentration="Rec_tot" name="R(l,l)">
        <ListOfMolecules>
          <Molecule id="S2_M1" name="R">
            <ListOfComponents>
              <Component id="S2_M1_C1" name="l" numberOfBonds="0"/>
              <Component id="S2_M1_C2" name="l" numberOfBonds="0"/>
            </ListOfComponents>
          </Molecule>
        </ListOfMolecules>
      </Species>
    </ListOfSpecies>
    <ListOfReactionRules>
      <ReactionRule id="RR1" name="Rule1">
        <ListOfReactantPatterns>
          <ReactantPattern id="RR1_RP1">
            <ListOfMolecules>
              <Molecule id="RR1_RP1_M1" name="R">
                <ListOfComponents>
                  <Component id="RR1_RP1_M1_C1" name="l" numberOfBonds="1"/>
                </ListOfComponents>
              </Molecule>
              <Molecule id="RR1_RP1_M2" name="L">
                <ListOfComponents>
                  <Component id="RR1_RP1_M2_C1" name="r" numberOfBonds="1"/>
                </ListOfComponents>
              </Molecule>
            </ListOfMolecules>
            <ListOfBonds>
              <Bond id="RR1_RP1_B1" site1="RR1_RP1_M1_C1" site2="RR1_RP1_M2_C1"/>
            </ListOfBonds>
          </ReactantPattern>
        </ListOfReactantPatterns>
        <ListOfProductPatterns>
          <ProductPattern id="RR1_PP1">
            <ListOfMolecules>
              <Molecule id="RR1_PP1_M1" name="R">
                <ListOfComponents>
                  <Component id="RR1_PP1_M1_C1" name="l" numberOfBonds="0"/>
                </ListOfComponents>
              </Molecule>
            </ListOfMolecules>
          </ProductPattern>
          <ProductPattern id="RR1_PP2">
            <ListOfMolecules>
              <Molecule id="RR1_PP2_M1" name="L">
                <ListOfComponents>
                  <Component id="RR1_PP2_M1_C1" name="r" numberOfBonds="0"/>
                </ListOfComponents>
              </Molecule>
            </ListOfMolecules>
          </ProductPattern>
        </ListOfProductPatterns>
        <RateLaw id="RR1_RateLaw" type="Ele" totalrate="0">
          <ListOfRateConstants>
            <RateConstant value="koff"/>
          </ListOfRateConstants>
        </RateLaw>
        <Map>
          <MapItem sourceID="RR1_RP1_M1" targetID="RR1_PP1_M1"/>
          <MapItem sourceID="RR1_RP1_M1_C1" targetID="RR1_PP1_M1_C1"/>
          <MapItem sourceID="RR1_RP1_M2" targetID="RR1_PP2_M1"/>
          <MapItem sourceID="RR1_RP1_M2_C1" targetID="RR1_PP2_M1_C1"/>
        </Map>
        <ListOfOperations>
          <DeleteBond site1="RR1_RP1_M1_C1" site2="RR1_RP1_M2_C1"/>
        </ListOfOperations>
      </ReactionRule>
      <ReactionRule id="RR2" name="Rule2">
        <ListOfReactantPatterns>
          <ReactantPattern id="RR2_RP1">
            <ListOfMolecules>
              <Molecule id="RR2_RP1_M1" name="L">
                <ListOfComponents>
                  <Component id="RR2_RP1_M1_C1" name="r" numberOfBonds="0"/>
                  <Component id="RR2_RP1_M1_C2" name="r" numberOfBonds="0"/>
                  <Component id="RR2_RP1_M1_C3" name="r" numberOfBonds="0"/>
                </ListOfComponents>
              </Molecule>
            </ListOfMolecules>
          </ReactantPattern>
          <ReactantPattern id="RR2_RP2">
            <ListOfMolecules>
              <Molecule id="RR2_RP2_M1" name="R">
                <ListOfComponents>
                  <Component id="RR2_RP2_M1_C1" name="l" numberOfBonds="0"/>
                </ListOfComponents>
              </Molecule>
            </ListOfMolecules>
          </ReactantPattern>
        </ListOfReactantPatterns>
        <ListOfProductPatterns>
          <ProductPattern id="RR2_PP1">
            <ListOfMolecules>
              <Molecule id="RR2_PP1_M1" name="L">
                <ListOfComponents>
                  <Component id="RR2_PP1_M1_C1" name="r" numberOfBonds="1"/>
                  <Component id="RR2_PP1_M1_C2" name="r" numberOfBonds="0"/>
                  <Component id="RR2_PP1_M1_C3" name="r" numberOfBonds="0"/>
                </ListOfComponents>
              </Molecule>
              <Molecule id="RR2_PP1_M2" name="R">
                <ListOfComponents>
                  <Component id="RR2_PP1_M2_C1" name="l" numberOfBonds="1"/>
                </ListOfComponents>
              </Molecule>
            </ListOfMolecules>
            <ListOfBonds>
              <Bond id="RR2_PP1_B1" site1="RR2_PP1_M1_C1" site2="RR2_PP1_M2_C1"/>
            </ListOfBonds>
          </ProductPattern>
        </ListOfProductPatterns>
        <RateLaw id="RR2_RateLaw" type="Ele" totalrate="0">
          <ListOfRateConstants>
            <RateConstant value="kp1"/>
          </ListOfRateConstants>
        </RateLaw>
        <Map>
          <MapItem sourceID="RR2_RP1_M1" targetID="RR2_PP1_M1"/>
          <MapItem sourceID="RR2_RP1_M1_C1" targetID="RR2_PP1_M1_C1"/>
          <MapItem sourceID="RR2_RP1_M1_C2" targetID="RR2_PP1_M1_C2"/>
          <MapItem sourceID="RR2_RP1_M1_C3" targetID="RR2_PP1_M1_C3"/>
          <MapItem sourceID="RR2_RP2_M1" targetID="RR2_PP1_M2"/>
          <MapItem sourceID="RR2_RP2_M1_C1" targetID="RR2_PP1_M2_C1"/>
        </Map>
        <ListOfOperations>
          <AddBond site1="RR2_RP1_M1_C1" site2="RR2_RP2_M1_C1"/>
        </ListOfOperations>
      </ReactionRule>
      <ReactionRule id="RR3" name="Rule3">
        <ListOfReactantPatterns>
          <ReactantPattern id="RR3_RP1">
            <ListOfMolecules>
              <Molecule id="RR3_RP1_M1" name="L">
                <ListOfComponents>
                  <Component id="RR3_RP1_M1_C1" name="r" numberOfBonds="0"/>
                  <Component id="RR3_RP1_M1_C2" name="r" numberOfBonds="0"/>
                  <Component id="RR3_RP1_M1_C3" name="r" numberOfBonds="+"/>
                </ListOfComponents>
              </Molecule>
            </ListOfMolecules>
          </ReactantPattern>
          <ReactantPattern id="RR3_RP2">
            <ListOfMolecules>
              <Molecule id="RR3_RP2_M1" name="R">
                <ListOfComponents>
                  <Component id="RR3_RP2_M1_C1" name="l" numberOfBonds="0"/>
                </ListOfComponents>
              </Molecule>
            </ListOfMolecules>
          </ReactantPattern>
        </ListOfReactantPatterns>
        <ListOfProductPatterns>
          <ProductPattern id="RR3_PP1">
            <ListOfMolecules>
              <Molecule id="RR3_PP1_M1" name="L">
                <ListOfComponents>
                  <Component id="RR3_PP1_M1_C1" name="r" numberOfBonds="1"/>
                  <Component id="RR3_PP1_M1_C2" name="r" numberOfBonds="0"/>
                  <Component id="RR3_PP1_M1_C3" name="r" numberOfBonds="+"/>
                </ListOfComponents>
              </Molecule>
              <Molecule id="RR3_PP1_M2" name="R">
                <ListOfComponents>
                  <Component id="RR3_PP1_M2_C1" name="l" numberOfBonds="1"/>
                </ListOfComponents>
              </Molecule>
            </ListOfMolecules>
            <ListOfBonds>
              <Bond id="RR3_PP1_B1" site1="RR3_PP1_M1_C1" site2="RR3_PP1_M2_C1"/>
            </ListOfBonds>
          </ProductPattern>
        </ListOfProductPatterns>
        <RateLaw id="RR3_RateLaw" type="Ele" totalrate="0">
          <ListOfRateConstants>
            <RateConstant value="kp2"/>
          </ListOfRateConstants>
        </RateLaw>
        <Map>
          <MapItem sourceID="RR3_RP1_M1" targetID="RR3_PP1_M1"/>
          <MapItem sourceID="RR3_RP1_M1_C1" targetID="RR3_PP1_M1_C1"/>
          <MapItem sourceID="RR3_RP1_M1_C2" targetID="RR3_PP1_M1_C2"/>
          <MapItem sourceID="RR3_RP1_M1_C3" targetID="RR3_PP1_M1_C3"/>
          <MapItem sourceID="RR3_RP2_M1" targetID="RR3_PP1_M2"/>
          <MapItem sourceID="RR3_RP2_M1_C1" targetID="RR3_PP1_M2_C1"/>
        </Map>
        <ListOfOperations>
          <AddBond site1="RR3_RP1_M1_C1" site2="RR3_RP2_M1_C1"/>
        </ListOfOperations>
      </ReactionRule>
      <ReactionRule id="RR4" name="Rule4">
        <ListOfReactantPatterns>
          <ReactantPattern id="RR4_RP1">
            <ListOfMolecules>
              <Molecule id="RR4_RP1_M1" name="L">
                <ListOfComponents>
                  <Component id="RR4_RP1_M1_C1" name="r" numberOfBonds="0"/>
                  <Component id="RR4_RP1_M1_C2" name="r" numberOfBonds="+"/>
                  <Component id="RR4_RP1_M1_C3" name="r" numberOfBonds="+"/>
                </ListOfComponents>
              </Molecule>
            </ListOfMolecules>
          </ReactantPattern>
          <ReactantPattern id="RR4_RP2">
            <ListOfMolecules>
              <Molecule id="RR4_RP2_M1" name="R">
                <ListOfComponents>
                  <Component id="RR4_RP2_M1_C1" name="l" numberOfBonds="0"/>
                </ListOfComponents>
              </Molecule>
            </ListOfMolecules>
          </ReactantPattern>
        </ListOfReactantPatterns>
        <ListOfProductPatterns>
          <ProductPattern id="RR4_PP1">
            <ListOfMolecules>
              <Molecule id="RR4_PP1_M1" name="L">
                <ListOfComponents>
                  <Component id="RR4_PP1_M1_C1" name="r" numberOfBonds="1"/>
                  <Component id="RR4_PP1_M1_C2" name="r" numberOfBonds="+"/>
                  <Component id="RR4_PP1_M1_C3" name="r" numberOfBonds="+"/>
                </ListOfComponents>
              </Molecule>
              <Molecule id="RR4_PP1_M2" name="R">
                <ListOfComponents>
                  <Component id="RR4_PP1_M2_C1" name="l" numberOfBonds="1"/>
                </ListOfComponents>
              </Molecule>
            </ListOfMolecules>
            <ListOfBonds>
              <Bond id="RR4_PP1_B1" site1="RR4_PP1_M1_C1" site2="RR4_PP1_M2_C1"/>
            </ListOfBonds>
          </ProductPattern>
        </ListOfProductPatterns>
        <RateLaw id="RR4_RateLaw" type="Ele" totalrate="0">
          <ListOfRateConstants>
            <RateConstant value="kp2"/>
          </ListOfRateConstants>
        </RateLaw>
        <Map>
          <MapItem sourceID="RR4_RP1_M1" targetID="RR4_PP1_M1"/>
          <MapItem sourceID="RR4_RP1_M1_C1" targetID="RR4_PP1_M1_C1"/>
          <MapItem sourceID="RR4_RP1_M1_C2" targetID="RR4_PP1_M1_C2"/>
          <MapItem sourceID="RR4_RP1_M1_C3" targetID="RR4_PP1_M1_C3"/>
          <MapItem sourceID="RR4_RP2_M1" targetID="RR4_PP1_M2"/>
          <MapItem sourceID="RR4_RP2_M1_C1" targetID="RR4_PP1_M2_C1"/>
        </Map>
        <ListOfOperations>
          <AddBond site1="RR4_RP1_M1_C1" site2="RR4_RP2_M1_C1"/>
        </ListOfOperations>
      </ReactionRule>
    </ListOfReactionRules>
    <ListOfObservables>
      <Observable id="O1" name="Lfree" type="Molecules">
        <ListOfPatterns>
          <Pattern id="O1_P1">
            <ListOfMolecules>
              <Molecule id="O1_P1_M1" name="L">
                <ListOfComponents>
                  <Component id="O1_P1_M1_C1" name="r" numberOfBonds="0"/>
                  <Component id="O1_P1_M1_C2" name="r" numberOfBonds="0"/>
                  <Component id="O1_P1_M1_C3" name="r" numberOfBonds="0"/>
                </ListOfComponents>
              </Molecule>
            </ListOfMolecules>
          </Pattern>
        </ListOfPatterns>
      </Observable>
      <Observable id="O2" name="Ltot" type="Molecules">
        <ListOfPatterns>
          <Pattern id="O2_P1">
            <ListOfMolecules>
              <Molecule id="O2_P1_M1" name="L"/>
            </ListOfMolecules>
          </Pattern>
        </ListOfPatterns>
      </Observable>
      <Observable id="O3" name="xlinked" type="Molecules">
        <ListOfPatterns>
          <Pattern id="O3_P1">
            <ListOfMolecules>
              <Molecule id="O3_P1_M1" name="R">
                <ListOfComponents>
                  <Component id="O3_P1_M1_C1" name="l" numberOfBonds="1"/>
                </ListOfComponents>
              </Molecule>
              <Molecule id="O3_P1_M2" name="L">
                <ListOfComponents>
                  <Component id="O3_P1_M2_C1" name="r" numberOfBonds="1"/>
                  <Component id="O3_P1_M2_C2" name="r" numberOfBonds="1"/>
                </ListOfComponents>
              </Molecule>
              <Molecule id="O3_P1_M3" name="R">
                <ListOfComponents>
                  <Component id="O3_P1_M3_C1" name="l" numberOfBonds="1"/>
                </ListOfComponents>
              </Molecule>
            </ListOfMolecules>
            <ListOfBonds>
              <Bond id="O3_P1_B1" site1="O3_P1_M1_C1" site2="O3_P1_M2_C1"/>
              <Bond id="O3_P1_B2" site1="O3_P1_M2_C2" site2="O3_P1_M3_C1"/>
            </ListOfBonds>
          </Pattern>
        </ListOfPatterns>
      </Observable>
    </ListOfObservables>
    <ListOfFunctions>
    </ListOfFunctions>
  </model>
</sbml>
