<?xml version="1.0" encoding="UTF-8"?>
<!-- Created by BioNetGen 2.1.8+, mod for NFsim 1.09  -->
<sbml xmlns="http://www.sbml.org/sbml/level3" level="3" version="1">
  <model id="simple_system">
    <ListOfParameters>
      <Parameter id="kon" type="Constant" value="10"/>
      <Parameter id="koff" type="Constant" value="5"/>
      <Parameter id="kcat" type="Constant" value="0.7"/>
      <Parameter id="dephos" type="Constant" value="0.5"/>
    </ListOfParameters>
    <ListOfMoleculeTypes>
      <MoleculeType id="X">
        <ListOfComponentTypes>
          <ComponentType id="y"/>
          <ComponentType id="p">
            <ListOfAllowedStates>
              <AllowedState id="0"/>
              <AllowedState id="1"/>
            </ListOfAllowedStates>
          </ComponentType>
        </ListOfComponentTypes>
      </MoleculeType>
      <MoleculeType id="Y">
        <ListOfComponentTypes>
          <ComponentType id="x"/>
        </ListOfComponentTypes>
      </MoleculeType>
    </ListOfMoleculeTypes>
    <ListOfCompartments>
    </ListOfCompartments>
    <ListOfSpecies>
      <Species id="S1"  concentration="5000" name="X(p~0,y)">
        <ListOfMolecules>
          <Molecule id="S1_M1" name="X">
            <ListOfComponents>
              <Component id="S1_M1_C1" name="p" state="0" numberOfBonds="0"/>
              <Component id="S1_M1_C2" name="y" numberOfBonds="0"/>
            </ListOfComponents>
          </Molecule>
        </ListOfMolecules>
      </Species>
      <Species id="S2"  concentration="0" name="X(p~1,y)">
        <ListOfMolecules>
          <Molecule id="S2_M1" name="X">
            <ListOfComponents>
              <Component id="S2_M1_C1" name="p" state="1" numberOfBonds="0"/>
              <Component id="S2_M1_C2" name="y" numberOfBonds="0"/>
            </ListOfComponents>
          </Molecule>
        </ListOfMolecules>
      </Species>
      <Species id="S3"  concentration="500" name="Y(x)">
        <ListOfMolecules>
          <Molecule id="S3_M1" name="Y">
            <ListOfComponents>
              <Component id="S3_M1_C1" name="x" numberOfBonds="0"/>
            </ListOfComponents>
          </Molecule>
        </ListOfMolecules>
      </Species>
    </ListOfSpecies>
    <ListOfReactionRules>
      <ReactionRule id="RR1" name="Rule1">
        <ListOfReactantPatterns>
          <ReactantPattern id="RR1_RP1">
            <ListOfMolecules>
              <Molecule id="RR1_RP1_M1" name="X">
                <ListOfComponents>
                  <Component id="RR1_RP1_M1_C1" name="y" numberOfBonds="0"/>
                  <Component id="RR1_RP1_M1_C2" name="p" state="0" numberOfBonds="0"/>
                </ListOfComponents>
              </Molecule>
            </ListOfMolecules>
          </ReactantPattern>
          <ReactantPattern id="RR1_RP2">
            <ListOfMolecules>
              <Molecule id="RR1_RP2_M1" name="Y">
                <ListOfComponents>
                  <Component id="RR1_RP2_M1_C1" name="x" numberOfBonds="0"/>
                </ListOfComponents>
              </Molecule>
            </ListOfMolecules>
          </ReactantPattern>
        </ListOfReactantPatterns>
        <ListOfProductPatterns>
          <ProductPattern id="RR1_PP1">
            <ListOfMolecules>
              <Molecule id="RR1_PP1_M1" name="X">
                <ListOfComponents>
                  <Component id="RR1_PP1_M1_C1" name="y" numberOfBonds="1"/>
                  <Component id="RR1_PP1_M1_C2" name="p" state="0" numberOfBonds="0"/>
                </ListOfComponents>
              </Molecule>
              <Molecule id="RR1_PP1_M2" name="Y">
                <ListOfComponents>
                  <Component id="RR1_PP1_M2_C1" name="x" numberOfBonds="1"/>
                </ListOfComponents>
              </Molecule>
            </ListOfMolecules>
            <ListOfBonds>
              <Bond id="RR1_PP1_B1" site1="RR1_PP1_M1_C1" site2="RR1_PP1_M2_C1"/>
            </ListOfBonds>
          </ProductPattern>
        </ListOfProductPatterns>
        <RateLaw id="RR1_RateLaw" type="Ele" totalrate="0">
          <ListOfRateConstants>
            <RateConstant value="kon"/>
          </ListOfRateConstants>
        </RateLaw>
        <Map>
          <MapItem sourceID="RR1_RP1_M1" targetID="RR1_PP1_M1"/>
          <MapItem sourceID="RR1_RP1_M1_C1" targetID="RR1_PP1_M1_C1"/>
          <MapItem sourceID="RR1_RP1_M1_C2" targetID="RR1_PP1_M1_C2"/>
          <MapItem sourceID="RR1_RP2_M1" targetID="RR1_PP1_M2"/>
          <MapItem sourceID="RR1_RP2_M1_C1" targetID="RR1_PP1_M2_C1"/>
        </Map>
        <ListOfOperations>
          <AddBond site1="RR1_RP1_M1_C1" site2="RR1_RP2_M1_C1"/>
        </ListOfOperations>
      </ReactionRule>
      <ReactionRule id="RR2" name="Rule2">
        <ListOfReactantPatterns>
          <ReactantPattern id="RR2_RP1">
            <ListOfMolecules>
              <Molecule id="RR2_RP1_M1" name="X">
                <ListOfComponents>
                  <Component id="RR2_RP1_M1_C1" name="y" numberOfBonds="1"/>
                  <Component id="RR2_RP1_M1_C2" name="p" state="0" numberOfBonds="0"/>
                </ListOfComponents>
              </Molecule>
              <Molecule id="RR2_RP1_M2" name="Y">
                <ListOfComponents>
                  <Component id="RR2_RP1_M2_C1" name="x" numberOfBonds="1"/>
                </ListOfComponents>
              </Molecule>
            </ListOfMolecules>
            <ListOfBonds>
              <Bond id="RR2_RP1_B1" site1="RR2_RP1_M1_C1" site2="RR2_RP1_M2_C1"/>
            </ListOfBonds>
          </ReactantPattern>
        </ListOfReactantPatterns>
        <ListOfProductPatterns>
          <ProductPattern id="RR2_PP1">
            <ListOfMolecules>
              <Molecule id="RR2_PP1_M1" name="X">
                <ListOfComponents>
                  <Component id="RR2_PP1_M1_C1" name="y" numberOfBonds="0"/>
                  <Component id="RR2_PP1_M1_C2" name="p" state="0" numberOfBonds="0"/>
                </ListOfComponents>
              </Molecule>
            </ListOfMolecules>
          </ProductPattern>
          <ProductPattern id="RR2_PP2">
            <ListOfMolecules>
              <Molecule id="RR2_PP2_M1" name="Y">
                <ListOfComponents>
                  <Component id="RR2_PP2_M1_C1" name="x" numberOfBonds="0"/>
                </ListOfComponents>
              </Molecule>
            </ListOfMolecules>
          </ProductPattern>
        </ListOfProductPatterns>
        <RateLaw id="RR2_RateLaw" type="Ele" totalrate="0">
          <ListOfRateConstants>
            <RateConstant value="koff"/>
          </ListOfRateConstants>
        </RateLaw>
        <Map>
          <MapItem sourceID="RR2_RP1_M1" targetID="RR2_PP1_M1"/>
          <MapItem sourceID="RR2_RP1_M1_C1" targetID="RR2_PP1_M1_C1"/>
          <MapItem sourceID="RR2_RP1_M1_C2" targetID="RR2_PP1_M1_C2"/>
          <MapItem sourceID="RR2_RP1_M2" targetID="RR2_PP2_M1"/>
          <MapItem sourceID="RR2_RP1_M2_C1" targetID="RR2_PP2_M1_C1"/>
        </Map>
        <ListOfOperations>
          <DeleteBond site1="RR2_RP1_M1_C1" site2="RR2_RP1_M2_C1"/>
        </ListOfOperations>
      </ReactionRule>
      <ReactionRule id="RR3" name="Rule3">
        <ListOfReactantPatterns>
          <ReactantPattern id="RR3_RP1">
            <ListOfMolecules>
              <Molecule id="RR3_RP1_M1" name="X">
                <ListOfComponents>
                  <Component id="RR3_RP1_M1_C1" name="y" numberOfBonds="1"/>
                  <Component id="RR3_RP1_M1_C2" name="p" state="0" numberOfBonds="0"/>
                </ListOfComponents>
              </Molecule>
              <Molecule id="RR3_RP1_M2" name="Y">
                <ListOfComponents>
                  <Component id="RR3_RP1_M2_C1" name="x" numberOfBonds="1"/>
                </ListOfComponents>
              </Molecule>
            </ListOfMolecules>
            <ListOfBonds>
              <Bond id="RR3_RP1_B1" site1="RR3_RP1_M1_C1" site2="RR3_RP1_M2_C1"/>
            </ListOfBonds>
          </ReactantPattern>
        </ListOfReactantPatterns>
        <ListOfProductPatterns>
          <ProductPattern id="RR3_PP1">
            <ListOfMolecules>
              <Molecule id="RR3_PP1_M1" name="X">
                <ListOfComponents>
                  <Component id="RR3_PP1_M1_C1" name="y" numberOfBonds="0"/>
                  <Component id="RR3_PP1_M1_C2" name="p" state="1" numberOfBonds="0"/>
                </ListOfComponents>
              </Molecule>
            </ListOfMolecules>
          </ProductPattern>
          <ProductPattern id="RR3_PP2">
            <ListOfMolecules>
              <Molecule id="RR3_PP2_M1" name="Y">
                <ListOfComponents>
                  <Component id="RR3_PP2_M1_C1" name="x" numberOfBonds="0"/>
                </ListOfComponents>
              </Molecule>
            </ListOfMolecules>
          </ProductPattern>
        </ListOfProductPatterns>
        <RateLaw id="RR3_RateLaw" type="Ele" totalrate="0">
          <ListOfRateConstants>
            <RateConstant value="kcat"/>
          </ListOfRateConstants>
        </RateLaw>
        <Map>
          <MapItem sourceID="RR3_RP1_M1" targetID="RR3_PP1_M1"/>
          <MapItem sourceID="RR3_RP1_M1_C1" targetID="RR3_PP1_M1_C1"/>
          <MapItem sourceID="RR3_RP1_M1_C2" targetID="RR3_PP1_M1_C2"/>
          <MapItem sourceID="RR3_RP1_M2" targetID="RR3_PP2_M1"/>
          <MapItem sourceID="RR3_RP1_M2_C1" targetID="RR3_PP2_M1_C1"/>
        </Map>
        <ListOfOperations>
          <StateChange site="RR3_RP1_M1_C2" finalState="1"/>
          <DeleteBond site1="RR3_RP1_M1_C1" site2="RR3_RP1_M2_C1"/>
        </ListOfOperations>
      </ReactionRule>
      <ReactionRule id="RR4" name="Rule4">
        <ListOfReactantPatterns>
          <ReactantPattern id="RR4_RP1">
            <ListOfMolecules>
              <Molecule id="RR4_RP1_M1" name="X">
                <ListOfComponents>
                  <Component id="RR4_RP1_M1_C1" name="p" state="1" numberOfBonds="0"/>
                </ListOfComponents>
              </Molecule>
            </ListOfMolecules>
          </ReactantPattern>
        </ListOfReactantPatterns>
        <ListOfProductPatterns>
          <ProductPattern id="RR4_PP1">
            <ListOfMolecules>
              <Molecule id="RR4_PP1_M1" name="X">
                <ListOfComponents>
                  <Component id="RR4_PP1_M1_C1" name="p" state="0" numberOfBonds="0"/>
                </ListOfComponents>
              </Molecule>
            </ListOfMolecules>
          </ProductPattern>
        </ListOfProductPatterns>
        <RateLaw id="RR4_RateLaw" type="Ele" totalrate="0">
          <ListOfRateConstants>
            <RateConstant value="dephos"/>
          </ListOfRateConstants>
        </RateLaw>
        <Map>
          <MapItem sourceID="RR4_RP1_M1" targetID="RR4_PP1_M1"/>
          <MapItem sourceID="RR4_RP1_M1_C1" targetID="RR4_PP1_M1_C1"/>
        </Map>
        <ListOfOperations>
          <StateChange site="RR4_RP1_M1_C1" finalState="0"/>
        </ListOfOperations>
      </ReactionRule>
    </ListOfReactionRules>
    <ListOfObservables>
      <Observable id="O1" name="X_free" type="Molecules">
        <ListOfPatterns>
          <Pattern id="O1_P1">
            <ListOfMolecules>
              <Molecule id="O1_P1_M1" name="X">
                <ListOfComponents>
                  <Component id="O1_P1_M1_C1" name="p" state="0" numberOfBonds="0"/>
                  <Component id="O1_P1_M1_C2" name="y" numberOfBonds="0"/>
                </ListOfComponents>
              </Molecule>
            </ListOfMolecules>
          </Pattern>
        </ListOfPatterns>
      </Observable>
      <Observable id="O2" name="X_p_total" type="Molecules">
        <ListOfPatterns>
          <Pattern id="O2_P1">
            <ListOfMolecules>
              <Molecule id="O2_P1_M1" name="X">
                <ListOfComponents>
                  <Component id="O2_P1_M1_C1" name="p" state="1" numberOfBonds="0"/>
                </ListOfComponents>
              </Molecule>
            </ListOfMolecules>
          </Pattern>
        </ListOfPatterns>
      </Observable>
      <Observable id="O3" name="Xp_free" type="Molecules">
        <ListOfPatterns>
          <Pattern id="O3_P1">
            <ListOfMolecules>
              <Molecule id="O3_P1_M1" name="X">
                <ListOfComponents>
                  <Component id="O3_P1_M1_C1" name="p" state="1" numberOfBonds="0"/>
                  <Component id="O3_P1_M1_C2" name="y" numberOfBonds="0"/>
                </ListOfComponents>
              </Molecule>
            </ListOfMolecules>
          </Pattern>
        </ListOfPatterns>
      </Observable>
      <Observable id="O4" name="XY" type="Molecules">
        <ListOfPatterns>
          <Pattern id="O4_P1">
            <ListOfMolecules>
              <Molecule id="O4_P1_M1" name="X">
                <ListOfComponents>
                  <Component id="O4_P1_M1_C1" name="y" numberOfBonds="1"/>
                </ListOfComponents>
              </Molecule>
              <Molecule id="O4_P1_M2" name="Y">
                <ListOfComponents>
                  <Component id="O4_P1_M2_C1" name="x" numberOfBonds="1"/>
                </ListOfComponents>
              </Molecule>
            </ListOfMolecules>
            <ListOfBonds>
              <Bond id="O4_P1_B1" site1="O4_P1_M1_C1" site2="O4_P1_M2_C1"/>
            </ListOfBonds>
          </Pattern>
        </ListOfPatterns>
      </Observable>
      <Observable id="O5" name="Ytotal" type="Molecules">
        <ListOfPatterns>
          <Pattern id="O5_P1">
            <ListOfMolecules>
              <Molecule id="O5_P1_M1" name="Y"/>
            </ListOfMolecules>
          </Pattern>
        </ListOfPatterns>
      </Observable>
      <Observable id="O6" name="Xtotal" type="Molecules">
        <ListOfPatterns>
          <Pattern id="O6_P1">
            <ListOfMolecules>
              <Molecule id="O6_P1_M1" name="X"/>
            </ListOfMolecules>
          </Pattern>
        </ListOfPatterns>
      </Observable>
    </ListOfObservables>
    <ListOfFunctions>
    </ListOfFunctions>
  </model>
</sbml>
